{
    "loss": 0.5064362287521362,
    "accuracy": 0.6402877569198608
}